383498,Deadpool 2
402900,Ocean's Eight
466282,To All the Boys I've Loved Before
454983,The Kissing Booth
363088,Ant-Man and the Wasp
283995,Guardians of the Galaxy Vol. 2
455980,Tag
293660,Deadpool
487558,BlacKkKlansman
454619,Overboard
177572,Big Hero 6
523873,功夫联盟
291805,Now You See Me 2
445571,Game Night
181533,Night at the Museum: Secret of the Tomb
458423,Mamma Mia! Here We Go Again
150540,Inside Out
399174,Isle of Dogs
455207,Crazy Rich Asians
207703,Kingsman: The Secret Service
98566,Teenage Mutant Ninja Turtles
20352,Despicable Me
166426,Pirates of the Caribbean: Dead Men Tell No Tales
257344,Pixels
455656,#RealityHigh
400155,Hotel Transylvania 3: Summer Vacation
353486,Jumanji: Welcome to the Jungle
437557,Blockers
11631,Mamma Mia!
37834,Knight and Day
159824,Hotel Transylvania 2
462919,Sierra Burgess Is a Loser
449176,"Love, Simon"
269149,Zootopia
420814,Christopher Robin
585,"Monsters, Inc."
808,Shrek
507562,映画クレヨンしんちゃん 爆盛！カンフーボーイズ ～拉麺大乱～
425,Ice Age
194662,Birdman
8961,Bad Boys II
254470,Pitch Perfect 2
460668,I Feel Pretty
2062,Ratatouille
69646,Vaseegara
384677,Set It Up
43074,Ghostbusters
214756,Ted 2
260514,Cars 3
270946,Penguins of Madagascar
335797,Sing
14160,Up
10193,Toy Story 3
339846,Baywatch
400579,Tully
370567,Sherlock Gnomes
747,Shaun of the Dead
82702,How to Train Your Dragon 2
93456,Despicable Me 2
418827,젊은 형부
106646,The Wolf of Wall Street
76492,Hotel Transylvania
920,Cars
18785,The Hangover
50544,Friends with Benefits
218746,Young Mother
950,Ice Age: The Meltdown
390043,The Hitman's Bodyguard
454283,Action Point
57800,Ice Age: Continental Drift
454992,The Spy Who Dumped Me
112160,Chroniques sexuelles d'une famille d'aujourd'hui
127380,Finding Dory
77338,Intouchables
45243,The Hangover Part II
387592,Early Man
608,Men in Black II
82690,Wreck-It Ralph
310,Bruce Almighty
38055,Megamind
35056,Date Night
502682,Book Club
18360,Night at the Museum: Battle of the Smithsonian
238713,Spy
353069,Mother's Day
109414,This Is the End
399796,Life of the Party
10555,Shark Tale
257445,Goosebumps
324852,Despicable Me 3
19913,(500) Days of Summer
10625,Mean Girls
1593,Night at the Museum
225886,Sex Tape
809,Shrek 2
9502,Kung Fu Panda
399170,Logan Lucky
118,Charlie and the Chocolate Factory
474335,Uncle Drew
337170,American Made
49519,The Croods
72105,Ted
503619,The Package
4258,Scary Movie 5
140300,Kung Fu Panda 3
472918,Wiro Sableng: Pendekar Kapak Maut Naga Geni 212
10192,Shrek Forever After
313369,La La Land
13053,Bolt
194,Le Fabuleux Destin d'Amélie Poulain
62177,Brave
301337,Downsizing
10527,Madagascar: Escape 2 Africa
382591,Demain tout commence
278154,Ice Age: Collision Course
434355,Taxi 5
391713,Lady Bird
302699,Central Intelligence
538604,The After Party
256961,Paul Blart: Mall Cop 2
533246,Photo de famille
188222,Entourage
59436,Midnight in Paris
8355,Ice Age: Dawn of the Dinosaurs
136799,Trolls
7443,Chicken Run
543694,Išgyventi vasarą
22705,Tra(sgre)dire
227159,Horrible Bosses 2
11688,The Emperor's New Groove
787,Mr. & Mrs. Smith
340022,Gringo
41154,Men in Black 3
120467,The Grand Budapest Hotel
541988,Ramkahani
209244,Are You Here
22970,The Cabin in the Woods
518452,Like Father
4247,Scary Movie
431530,A Bad Moms Christmas
22538,Scott Pilgrim vs. the World
100042,Dumb and Dumber To
224141,Into the Woods
35,The Simpsons Movie
6477,Alvin and the Chipmunks
49013,Cars 2
400928,Gifted
11430,The Lion King 1½
9982,Chicken Little
137106,The Lego Movie
487702,F*&% the Prom
364689,Ferdinand
210860,Mortdecai
37735,Easy A
7453,The Hitchhiker's Guide to the Galaxy
19908,Zombieland
412547,Killing Gunther
537734,The Weekend
138832,We're the Millers
4327,Charlie's Angels
200727,"Love, Rosie"
171274,Inherent Vice
399725,Ideal Home
223702,Sausage Party
252838,The Wedding Ringer
9928,Robots
109439,The Hangover Part III
80321,Madagascar 3: Europe's Most Wanted
44896,Rango
378236,The Emoji Movie
193893,Let's Be Cops
64688,21 Jump Street
511785,Alex Strangelove
203801,The Man from U.N.C.L.E.
228967,The Interview
188161,A Million Ways to Die in the West
290762,Miss You Already
249635,7 ประจัญบาน 2
456929,Campeones
23398,Alvin and the Chipmunks: The Squeakquel
15165,Barbie as The Princess & the Pauper
49524,R.I.P.D.
4256,Scary Movie 3
810,Shrek the Third
46195,Rio
324849,The Lego Batman Movie
346648,Paddington 2
350,The Devil Wears Prada
9522,Wedding Crashers
146216,RED 2
187017,22 Jump Street
353616,Pitch Perfect 3
196867,Annie
34544,The A-Team
122906,About Time
290250,The Nice Guys
88751,Journey to the Center of the Earth
258509,Alvin and the Chipmunks: The Road Chip
7446,Tropic Thunder
27573,The Bounty Hunter
517062,Das schönste Mädchen der Welt
41630,No Strings Attached
8699,Anchorman: The Legend of Ron Burgundy
257211,The Intern
433310,When We First Met
195589,Neighbors
449749,The Leisure Seeker
271718,Trainwreck
397422,Rough Night
22794,Cloudy with a Chance of Meatballs
20760,Lilo & Stitch 2: Stitch has a Glitch
272693,The DUFF
354861,Father Figures
109451,Cloudy with a Chance of Meatballs 2
9472,DodgeBall: A True Underdog Story
74465,We Bought a Zoo
7512,Idiocracy
82654,Warm Bodies
4638,Hot Fuzz
308531,Teenage Mutant Ninja Turtles: Out of the Shadows
507143,Candy Jar
71552,American Reunion
9637,Scooby-Doo
137116,Smurfs: The Lost Village
10661,You Don't Mess with the Zohan
452773,Tadeo Jones 2: El secreto del rey Midas
9880,The Princess Diaries
138697,Don Jon
27022,The Sorcerer's Apprentice
342473,Ballerina
634,Bridget Jones's Diary
460793,Olaf's Frozen Adventure
542433,El pomo azul
489925,Eighth Grade
8920,Garfield
339404,The Layover
472226,Blood Fest
364433,Lo chiamavano Jeeg Robot
413857,Tragedy Girls
1268,Mr. Bean's Holiday
114150,Pitch Perfect
535640,Marcel – Detektivbröderna
818,Austin Powers in Goldmember
10591,The Girl Next Door
39514,RED
419499,Che vuoi che sia
19994,Jennifer's Body
274167,Daddy's Home
9428,The Royal Tenenbaums
40805,The Green Hornet
228165,The SpongeBob Movie: Sponge Out of Water
2284,Mr. Magorium's Wonder Emporium
318846,The Big Short
427900,Home Again
9486,Johnny English
209189,Life of Crime
39939,Super Troopers
11887,High School Musical 3: Senior Year
58233,Johnny English Reborn
515841,Je ne suis pas un homme facile
2770,American Pie 2
325133,Neighbors 2: Sorority Rising
261392,American Ultra
2642,Two Weeks Notice
18240,The Proposal
10992,Cats & Dogs
6557,27 Dresses
452030,Cinderella's Hot Night
11397,Not Another Teen Movie
541380,Glitter's Wild Women
45132,Super
355547,The Star
11774,Lemony Snicket's A Series of Unfortunate Events
277217,Descendants
10184,He's Just Not That Into You
483877,15 ไอคิวกระฉูด
49520,The Change-Up
371638,The Disaster Artist
50022,Super Troopers 2
76493,The Dictator
402897,The Death of Stalin
412988,The Happytime Murders
532498,Všechno bude
9471,Charlie's Angels: Full Throttle
429733,Mayhem
239563,St. Vincent
391710,A Futile and Stupid Gesture
436931,劇場版ポケットモンスター　キミにきめた！
10708,Daddy Day Care
339967,Colossal
270487,"Hail, Caesar!"
8584,Shanghai Noon
544946,Crô em Família
416477,The Big Sick
268531,Captain Underpants: The First Epic Movie
437670,Fack ju Göhte 3
1584,School of Rock
43347,Love & Other Drugs
1267,Meet the Robinsons
417644,CHiPS
